{
  "trigger": true,
  "modules": [
    "alter-claims"
  ],
  "parentResource": "authnisaba",
  "functionName": "authnisabaPreTokenGeneration",
  "resourceName": "authnisabaPreTokenGeneration",
  "parentStack": "auth",
  "triggerEnvs": [],
  "triggerDir": "/snapshot/repo/build/node_modules/@aws-amplify/amplify-category-auth/provider-utils/awscloudformation/triggers/PreTokenGeneration",
  "triggerTemplate": "PreTokenGeneration.json.ejs",
  "triggerEventPath": "PreTokenGeneration.event.json",
  "roleName": "authnisabaPreTokenGeneration",
  "skipEdit": true,
  "enableCors": false
}