{
  "api": {
    "AdminQueries": {
      "authorizationType": "AMAZON_COGNITO_USER_POOLS",
      "dependsOn": [
        {
          "attributes": [
            "UserPoolId"
          ],
          "category": "auth",
          "resourceName": "authnisaba"
        },
        {
          "attributes": [
            "Arn",
            "Name"
          ],
          "category": "function",
          "resourceName": "AdminQueries8dc38185"
        }
      ],
      "providerPlugin": "awscloudformation",
      "service": "API Gateway"
    },
    "apinisaba": {
      "dependsOn": [
        {
          "attributes": [
            "UserPoolId"
          ],
          "category": "auth",
          "resourceName": "authnisaba"
        }
      ],
      "output": {
        "authConfig": {
          "additionalAuthenticationProviders": [
            {
              "apiKeyConfig": {
                "apiKeyExpirationDate": "2023-04-24T21:56:53.757Z",
                "apiKeyExpirationDays": 120,
                "description": "Nisaba API Key"
              },
              "authenticationType": "API_KEY"
            }
          ],
          "defaultAuthentication": {
            "authenticationType": "AMAZON_COGNITO_USER_POOLS",
            "userPoolConfig": {
              "userPoolId": "authauthnisaba"
            }
          }
        }
      },
      "providerPlugin": "awscloudformation",
      "service": "AppSync"
    },
    "nisabaUserManagementApi": {
      "dependsOn": [
        {
          "attributes": [
            "Name",
            "Arn"
          ],
          "category": "function",
          "resourceName": "nisabaUserManagement"
        }
      ],
      "providerPlugin": "awscloudformation",
      "service": "API Gateway"
    }
  },
  "auth": {
    "authnisaba": {
      "customAuth": false,
      "dependsOn": [
        {
          "attributes": [
            "Arn",
            "Name"
          ],
          "category": "function",
          "resourceName": "authnisabaPreTokenGeneration",
          "triggerProvider": "Cognito"
        }
      ],
      "frontendAuthConfig": {
        "mfaConfiguration": "OFF",
        "mfaTypes": [
          "SMS"
        ],
        "passwordProtectionSettings": {
          "passwordPolicyCharacters": [
            "REQUIRES_LOWERCASE",
            "REQUIRES_UPPERCASE",
            "REQUIRES_NUMBERS"
          ],
          "passwordPolicyMinLength": "6"
        },
        "signupAttributes": [],
        "socialProviders": [],
        "usernameAttributes": [
          "EMAIL",
          "PHONE_NUMBER"
        ],
        "verificationMechanisms": [
          "PHONE_NUMBER"
        ]
      },
      "providerPlugin": "awscloudformation",
      "service": "Cognito"
    },
    "userPoolGroups": {
      "dependsOn": [
        {
          "attributes": [
            "UserPoolId",
            "AppClientIDWeb",
            "AppClientID",
            "IdentityPoolId"
          ],
          "category": "auth",
          "resourceName": "authnisaba"
        }
      ],
      "providerPlugin": "awscloudformation",
      "service": "Cognito-UserPool-Groups"
    }
  },
  "function": {
    "AdminQueries8dc38185": {
      "build": true,
      "dependsOn": [
        {
          "attributes": [
            "UserPoolId"
          ],
          "category": "auth",
          "resourceName": "authnisaba"
        }
      ],
      "providerPlugin": "awscloudformation",
      "service": "Lambda"
    },
    "authnisabaPreTokenGeneration": {
      "build": true,
      "providerPlugin": "awscloudformation",
      "service": "Lambda"
    },
    "nisabaAdminSdkLayer": {
      "build": true,
      "providerPlugin": "awscloudformation",
      "service": "LambdaLayer"
    },
    "nisabaUserManagement": {
      "build": true,
      "dependsOn": [
        {
          "attributes": [
            "Arn"
          ],
          "category": "function",
          "resourceName": "nisabaAdminSdkLayer"
        },
        {
          "attributes": [
            "UserPoolId"
          ],
          "category": "auth",
          "resourceName": "authnisaba"
        }
      ],
      "providerPlugin": "awscloudformation",
      "service": "Lambda"
    },
    "syncConflictHandler5b19c779": {
      "build": true,
      "providerPlugin": "awscloudformation",
      "service": "Lambda"
    }
  },
  "hosting": {
    "amplifyhosting": {
      "providerPlugin": "awscloudformation",
      "service": "amplifyhosting",
      "type": "manual"
    }
  },
  "parameters": {
    "AMPLIFY_function_AdminQueries8dc38185_deploymentBucketName": {
      "usedBy": [
        {
          "category": "function",
          "resourceName": "AdminQueries8dc38185"
        }
      ]
    },
    "AMPLIFY_function_AdminQueries8dc38185_s3Key": {
      "usedBy": [
        {
          "category": "function",
          "resourceName": "AdminQueries8dc38185"
        }
      ]
    },
    "AMPLIFY_function_authnisabaPreTokenGeneration_deploymentBucketName": {
      "usedBy": [
        {
          "category": "function",
          "resourceName": "authnisabaPreTokenGeneration"
        }
      ]
    },
    "AMPLIFY_function_authnisabaPreTokenGeneration_s3Key": {
      "usedBy": [
        {
          "category": "function",
          "resourceName": "authnisabaPreTokenGeneration"
        }
      ]
    },
    "AMPLIFY_function_nisabaAdminSdkLayer_deploymentBucketName": {
      "usedBy": [
        {
          "category": "function",
          "resourceName": "nisabaAdminSdkLayer"
        }
      ]
    },
    "AMPLIFY_function_nisabaAdminSdkLayer_s3Key": {
      "usedBy": [
        {
          "category": "function",
          "resourceName": "nisabaAdminSdkLayer"
        }
      ]
    },
    "AMPLIFY_function_nisabaUserManagement_deploymentBucketName": {
      "usedBy": [
        {
          "category": "function",
          "resourceName": "nisabaUserManagement"
        }
      ]
    },
    "AMPLIFY_function_nisabaUserManagement_s3Key": {
      "usedBy": [
        {
          "category": "function",
          "resourceName": "nisabaUserManagement"
        }
      ]
    },
    "AMPLIFY_function_syncConflictHandler5b19c779_deploymentBucketName": {
      "usedBy": [
        {
          "category": "function",
          "resourceName": "syncConflictHandler5b19c779"
        }
      ]
    },
    "AMPLIFY_function_syncConflictHandler5b19c779_s3Key": {
      "usedBy": [
        {
          "category": "function",
          "resourceName": "syncConflictHandler5b19c779"
        }
      ]
    },
    "AMPLIFY_hosting_amplifyhosting_appId": {
      "usedBy": [
        {
          "category": "hosting",
          "resourceName": "amplifyhosting"
        }
      ]
    },
    "AMPLIFY_hosting_amplifyhosting_type": {
      "usedBy": [
        {
          "category": "hosting",
          "resourceName": "amplifyhosting"
        }
      ]
    }
  },
  "storage": {
    "nisabas3dev": {
      "dependsOn": [],
      "providerPlugin": "awscloudformation",
      "service": "S3"
    }
  }
}