{
  "version": "1",
  "cognitoConfig": {
    "identityPoolName": "nisaba_identity_pool",
    "allowUnauthenticatedIdentities": false,
    "resourceNameTruncated": "nisaba0b693253",
    "userPoolName": "nisaba_user_pool",
    "autoVerifiedAttributes": [
      "phone_number"
    ],
    "mfaConfiguration": "OFF",
    "mfaTypes": [
      "SMS Text Message"
    ],
    "smsAuthenticationMessage": "Your authentication code is {####}",
    "smsVerificationMessage": "Your verification code is {####}",
    "emailVerificationSubject": "Your verification code",
    "emailVerificationMessage": "Your verification code is {####}",
    "defaultPasswordPolicy": true,
    "passwordPolicyMinLength": "6",
    "passwordPolicyCharacters": [
      "Requires Lowercase",
      "Requires Uppercase",
      "Requires Numbers"
    ],
    "requiredAttributes": [],
    "aliasAttributes": [],
    "userpoolClientGenerateSecret": false,
    "userpoolClientRefreshTokenValidity": "90",
    "userpoolClientWriteAttributes": [
      "email"
    ],
    "userpoolClientReadAttributes": [
      "email"
    ],
    "userpoolClientLambdaRole": "authni0b693253_userpoolclient_lambda_role",
    "userpoolClientSetAttributes": true,
    "sharedId": "0b693253",
    "resourceName": "authnisaba",
    "authSelections": "identityPoolAndUserPool",
    "useDefault": "manual",
    "thirdPartyAuth": false,
    "usernameAttributes": [
      "email, phone_number"
    ],
    "userPoolGroups": true,
    "adminQueries": true,
    "triggers": {
      "PreTokenGeneration": [
        "alter-claims"
      ]
    },
    "hostedUI": false,
    "userPoolGroupList": [
      "superadmin",
      "admin",
      "mobile",
      "analytics"
    ],
    "adminQueryGroup": "admin",
    "serviceName": "Cognito",
    "usernameCaseSensitive": false,
    "useEnabledMfas": true
  }
}